ArtigoID,QuoteID,TipoQuote,Página_yaml,Página_match,score,exact,snippet
ART_001,Q001,Contexto,p.1,1,100.0,True,"Traditional evaluation methods often fail to handle large datasets and dynamic sustainability metrics, resulting in suboptimal decisions."
ART_001,Q002,Intervenção,p.1,1,100.0,True,This study introduces a novel hybrid intelligent framework that integrates Most Productive Scale Size Data Envelopment Analysis (MPSS-DEA) with three Artificial intelligence (AI) a
ART_001,Q003,Outcome,p.1,1,100.0,True,"Applied to 362 suppliers and 38 sustainability criteria in the petrochemical industry, the proposed framework achieved high classification accuracies of 92.5% (DEA-CHAID), 91.9% (D"
ART_001,Q004,Mecanismo,p.20,20,100.0,True,"By integrating AI algorithms, the model significantly reduces runtime and enables accurate classification of suppliers into efficient (MPSS) and inefficient (non-MPSS) categories."
ART_001,Q005,Limitação,p.21,21,100.0,True,"The framework was tested only in the petrochemical industry, which may limit its generalizability to other sectors."
ART_001,Q006,Limitação,p.21,21,100.0,True,"AI algorithms require large, high-quality datasets; however, data availability is restricted in some industries due to confidentiality."
ART_002,Q001,Contexto,p.1,1,100.0,True,creating and owning a purposeful and intelligent process for evaluation and analysis of suppliers is one of the inevitable needs and concerns of these countries.
ART_002,Q002,Mecanismo,p.1,1,100.0,True,"This model which ﬁnally leads to optimal selection and ranking of suppliers, reducing the time and cost in the selection process and also reduced human errors by using data mining "
ART_002,Q003,Método,p.6,6,100.0,True,"In this research, 1430 records were collected which after data cleaning was reduced to 1118 records."
ART_002,Q004,Método,p.6,6,100.0,True,"After preparing the data, 36 attributes for each item were obtained and ﬁnally 29 attributes were selected which can be seen in Table 1."
ART_002,Q005,Mecanismo,p.18,18,100.0,True,"In the PDMRRT module, to improve the retrieval performance, nearest to the version of the base case, the SOM-based clustering technique is used K-Prototype."
ART_002,Q006,Outcome,p.18,18,100.0,True,"To select the optimal k, for every k = 2, 3,…, 12 in the MATLAB software, the Davies-Bouldin index is calculated in a function called Davies-Bouldin.m which in Table 3, its results"
ART_002,Q007,Outcome,p.24,24,100.0,True,Reducing the impact of human error by replacing it with expert system based on neural network is another useful outcome of this study to explore it.
ART_002,Q008,Limitação,p.24,24,100.0,True,Experts have disagreement among them about the remaining variables in the model proposed code status and role in creating rules.
ART_003,Q001,Contexto,p.2,2,100.0,True,"The crude oil industry, particularly in the production of vessels, faces signiﬁcant pres- sures to balance environmental sustainability with operational efﬁciency."
ART_003,Q002,Intervenção,p.2,2,100.0,True,This paper proposes an innovative machine learning algorithm that integrates Graph Attention Networks (GAT) with Monte Carlo Markov Chain (MCMC) techniques to optimize the Work Bre
ART_003,Q003,Método,p.5,5,100.0,True,"A synthetic dataset of 15,000 companies involved in crude oil vessel production in Europe was generated for this study."
ART_003,Q004,Mecanismo,p.6,6,100.0,True,"The GAT assigns dynamic attention weights to these nodes, prioritizing those with the most signiﬁcant impact on the overall supply chain."
ART_003,Q005,Mecanismo,p.6,6,100.0,True,"The MCMC method is used to simulate various scenarios within the supply chain, accounting for uncertainties such as ﬂuctuating material availability or unexpected delays."
ART_003,Q006,Outcome,p.7,7,100.0,True,"The model achieved a 22% reduction in CO2 emissions, lowering emissions from 500 metric tons to 390 metric tons per vessel, consistent with recent studies employing advanced optimi"
ART_003,Q007,Outcome,p.7,7,100.0,True,"The model also decreased lead times by 16%, bringing aver- age production times from 24 months down to 20.2 months, corroborating results seen in similar GAT-based applications."
ART_003,Q008,Limitação,p.5,5,100.0,True,This combination has shown potential in supply chain optimization but requires rigorous testing to conﬁrm its effectiveness in real-world applications.
ART_004,Q001,Contexto,p.2,2,98.82,False,"The Oil and Gas (O&G) industry faces significant challenges, including extensive paperwork and rec- onciliation processes that escalate both monetary and time ex- pendituresassocia"
ART_004,Q002,Intervenção,p.4,4,100.0,True,"2) Utilization of Various Decision-Making: Our methodol- ogy integrates diverse decision-making techniques, each rooted in different theoretical philosophies; i.e., network decisio"
ART_004,Q003,Método,p.4,4,100.0,True,"The methodology is based on a combination of established decision-making models; i.e., entropy method (EM), TOPSIS, simple additive weighted (SAW), and data envelopment analysis (D"
ART_004,Q004,Mecanismo,p.5,5,98.43,False,"Thus, BT adoption is vital for improving opera- tional efficiency and maintaining product integrity in the global petroleum SC."
ART_004,Q005,Outcome,p.3,3,98.7,False,RQ3: How can evaluation results from different decision- making methodologies be consolidated to provide an optimal unified perspective for OGSC managers?
ART_004,Q006,Limitação,p.11,11,99.12,False,"By tackling these limitations and chasing the proposed research directions, future work can expand upon the current findings and provide more ex- haustive, generalizable, and actio"
ART_004,Q007,Método,p.3,3,100.0,True,"Their study examined how blockchain strategies can mitigate these challenges, emphasizing optimization models tailored to man- age SC dynamics and technological uncertainties, but "
ART_004,Q008,Contexto,p.9,9,100.0,True,"The discussion demonstrates blockchain’s practical relevance in the O&G sector, provid- ing actionable insights and decision-making tools for industry professionals, with a focus o"
ART_005,Q001,Contexto,p.1,1,98.84,False,Fuel theft of oil pipelines is a concern faced by various countries and oil and gas companies due to its impact on the environment and the safety of neighboring communities.
ART_005,Q002,Mecanismo,p.2,2,98.45,False,"Applying these techniques will help optimize the company's handling of these suspected fuel theft events, avoiding sending unnecessary patrols to the site. Most importantly, the mo"
ART_005,Q003,Outcome,p.1,1,99.0,False,"The Random Forest obtained the best results in classifying alerts associated (or not) with an illegal tapping, showing accuracy, specificity, and sensitivities of 76.8%, 68.3%, and"
ART_005,Q004,Mecanismo,p.1,1,100.0,True,"In this problem, specificity implies reducing the sending of patrols to the field in 68.3% of circumstances, and sensitivity means that the model is a good predictor for positive c"
ART_005,Q005,Outcome,p.8,8,100.0,True,"Transpetro uses the developed predictive model, contributing to the reduction of on-site patrols, helping analysts to prioritize alerts, and improving the efficiency of patrol resp"
ART_005,Q006,Intervenção,p.1,1,100.0,True,"The factors that most highly influenced illegal tapping occurrences were the alert duration, previous events in the same area, and events during the night."
ART_005,Q007,Limitação,p.8,8,98.48,False,"The limitation of this study lies in the lack of integration between the databases used, which required us to perform them manually."
ART_005,Q008,Método,p.5,5,100.0,True,A matched case-control study was performed to solve the imbalance problem. The matched case-control study allowed us to find a specific and predefined number of negative alerts lik
ART_006,Q001,Contexto,p.1,1,99.38,False,6th International Conference on Recent Advances in Information Technology (RAIT) 2025 979-8-3315-2480-7/25/$31.00 ©2025 IEEE Assessing Sustainability Efforts and Greenwashing in Gl
ART_006,Q002,Intervenção,p.2,2,100.0,True,"Figure 1: Sequence Diagram of the Model The system processes ESG reports as text-based files (.pdf), cleans unnecessary words and tokenizes relevant texts, accordingly, analyses th"
ART_006,Q003,Método,p.6,6,100.0,True,"Luo, “Small Data Challenges in Big Data Era: A Survey of Recent Progress on Unsupervised and Semi-Supervised Methods,” IEEE Transactions on Pattern Analysis and Machine Intelligenc"
ART_006,Q004,Outcome,p.4,4,99.26,False,Table 4: Performance Metrics Streamwise and Feature wise Performance Metrics Upstream Midstream Downstream OGSC EC GW EC GW EC GW EC GW Accuracy 0.80 0.80 1 0.80 0.80 1 0.87 0.87 P
ART_006,Q005,Outcome,p.4,4,100.0,True,"The performance of proposed framework has been examined thoroughly under the metrics of accuracy, precision, recall, F1 score, Receiver Operating Characteristic Area Under the Curv"
ART_006,Q006,Outcome,p.2,2,99.4,False,Table 1: Feature Selection under Different Supply Chain Stages for Sustainability Efforts and Greenwashing Detection Supply Chain Stage Feature Selection for Sustainability Efforts
ART_006,Q007,Outcome,p.2,2,100.0,True,"Table 2: Module Details for the Proposed Framework Module Module Name Activities 1 Data Extraction Module Raw text data has been extracted from the ESG reports with .pdf extension,"
ART_006,Q008,Outcome,p.4,4,100.0,True,Figure 2 represents comparison of such performance metrics across different supply chain stages by combining EC and GW together to showcase overall robustness of the proposed frame
ART_007,Q001,Contexto,p.5,5,100.0,True,"Concept V: Strategic Sourcing and Category Management Strategic sourcing and category management form an integral part of efficient supply chain management, particularly in the con"
ART_007,Q002,Método,p.2,2,100.0,True,"Methodology – The How Establishing a ""Best-In-Class"" Supply Chain organization is often a complex endeavor, with no universal formula for success."
ART_007,Q003,Outcome,p.2,2,100.0,True,"Companies that can meet these ESG goals and emission reduction targets have the potential to trade at higher valuations, ultimately contributing to improved financial performance a"
ART_007,Q004,Contexto,p.1,1,100.0,True,Abstract The oil and gas industry operates in a complex and challenging environment with significant supply chain management risks.
ART_007,Q005,Contexto,p.1,1,100.0,True,This paper aims to provide a comprehensive review of these risks and proposes strategies to create a best-in-class supply chain practice using Industry 4.0 technologies.
ART_007,Q006,Contexto,p.1,1,100.0,True,"Theme I: The Indispensable Shift towards Strategic Supply Chain Management In an era characterized by unstable market dynamics, such as the fluctuating West Texas Intermediate (WTI"
ART_007,Q007,Contexto,p.9,9,100.0,True,"By adopting the concepts and strategies discussed in this paper, the oil and gas industry can modernize its supply chain, achieve operational excellence, and gain a competitive adv"
ART_008,Q001,Intervenção,p.10,10,98.93,False,"Motivated by the complexity and global heterogeneity of crude trade, a network-based approach is used to model the locations, speciﬁcations and trade relationships of supply chain "
ART_008,Q002,Método,p.10,10,98.63,False,"Accordingly, we adopt a methodology that preserves the pathwaylevel resolution in the supply chain (i.e., granular routes from oil ﬁelds to reﬁneries) and is modular in order to ha"
ART_008,Q003,Outcome,p.10,10,100.0,True,"Nonetheless, more data about gathering and boosting infrastructure and fugitive emissions measurements could help improve the accuracy of OPGEE and hence the results of this study "
ART_008,Q004,Outcome,p.1,1,98.7,False,"Future projections under 1.5 °C climate scenarios range from plateauing to decreasing supply, corresponding to up to 40% reduction from present levels1–4."
ART_008,Q005,Outcome,p.1,1,99.26,False,"Although regulatory efforts such as the Low Carbon Fuel Standard (LCFS) by the California Air Resources Board (CARB), the Fuel Quality Directive by European regulators, and the COR"
ART_008,Q006,Outcome,p.10,10,99.22,False,"For example, in the U.S., where the crude rail network is relatively more mature, rail, barges and trucks combined represent ~10% of the total crude transport based on intake recei"
ART_008,Q007,Outcome,p.4,4,99.1,False,"The global volume-weighted midstream CI of 5.37 kg-CO2eq/bbl, as shown in the sub-ﬁgure, contributes ~10% to the well-to-reﬁnery-entrance emissions (refer to Supplementary Note 8 f"
ART_008,Q008,Outcome,p.10,10,100.0,True,They are speciﬁcally designed to generate life cycle CO2eq estimates that are actionable from a policy perspective through incentives for improved emissions reporting and best prac
ART_009,Q001,Contexto,p.5,5,100.0,True,Despite the above advantages and a good foundation for the construction of an offshore intelligent oilfield production monitoring system in the X oil and gas field production opera
ART_009,Q002,Intervenção,p.6,6,99.5,False,"Based on the company's unified data management standards and information system construction requirements, the construction approach is centered on ‘cloudification + platformizatio"
ART_009,Q003,Método,p.14,14,100.0,True,"By integrating various types of geological data and dynamic monitoring data, applying professional geological reservoir research methods, and linking geological reservoir data, alg"
ART_009,Q004,Mecanismo,p.7,7,100.0,True,"It enables two-dimensional and three-dimensional comprehensive displays of reservoirs, well networks, production processes, and facilities, thereby building capabilities for real-t"
ART_009,Q005,Outcome,p.20,20,100.0,True,This trailblazing endeavor is contributing towards an increased production and a reduction in operational and maintenance expenses by 10% for the oil and gas field.
ART_009,Q006,Intervenção,p.1,1,99.26,False,"The data service system encompasses four subsystems: (I) Production management, encompassing remote operation monitoring, production dynamic tracking, reservoir dynamic management,"
ART_009,Q007,Intervenção,p.5,5,99.26,False,"To further reduce the construction cost and development difficulty of the offshore intelligent oilfield production monitoring system, we adopted an implementation strategy based on"
ART_010,Q001,Contexto,p.3,3,100.0,True,"Therefore, the main center focused on the study of algorithms in the context of ML After completing the clustering using network data enveloping analysis, inputs and outputs were e"
ART_010,Q002,Intervenção,p.2,2,100.0,True,"By integrating DEA with various modeling approaches and frameworks, researchers have been able to provide valuable insights into enhancing sustainability practices in industries th"
ART_010,Q003,Método,p.25,25,100.0,True,"For future research and the continuation of the present study, in addition to exploring modeling techniques such as Dynamic Network Data Envelopment Analysis (DNDEA) with a sustain"
ART_010,Q004,Outcome,p.1,1,100.0,True,The results showed that the use of clustering for assessing the relative efficiency of units compared to the non-clustering method with DEA could averagely reduce 18% of the distan
ART_010,Q005,Outcome,p.5,5,100.0,True,Other related papers improved the SSCM using a hierarchical grey-Decision Making Trial and Evaluation Laboratory NN؛54% SVM؛21% LR؛5% DT؛4% ELM؛4% NBC؛4% KNN؛2% RF؛ 2% ESM؛2% k-Mea
ART_010,Q006,Outcome,p.24,24,99.42,False,Error Mean 95% Confidence Interval of the Difference t df Sig (2Tailed) Lower Upper Pair 1 -0.0988 0.1639 0.0310 -0.1623 -0.0352 -3.190 27 0.004 Pair 2 -0.1080 0.1539 0.0290 -0.167
ART_010,Q007,Método,p.18,18,100.0,True,"In the next step, after determining the best clustering algorithm for the dataset of the case study, the relative efficiency of DMUs placed in each cluster based on the network dat"
ART_010,Q008,Método,p.25,25,100.0,True,"The current research study placed particular emphasis on the role of data science in the domain of SCM as part of the research methodology, specifically delving into the utilizatio"
ART_011,Q001,Contexto,p.1,1,99.26,False,"INTRODUCTION In the petrochemical industry, intelligent decision making involving resource trade, production planning, resource inventory, and risk management is of paramount impor"
ART_011,Q002,Intervenção,p.4,4,100.0,True,"The system dynamics prediction model (SD) is the best approach to understanding the dynamic behavior of complex problems with time using ﬂows, loops, and time delays."
ART_011,Q003,Método,p.6,6,100.0,True,"All the selected factors, which are historical monthly data from May 2009 to December 2010, are used for training the prediction models (MLR, ANN, and SD) to predict future prices "
ART_011,Q004,Outcome,p.1,1,100.0,True,"As a result, the optimal production planning using the proposed model enabled the improvement of the total sales by 5.50% and the operating proﬁt by 13.8% in comparison with the BA"
ART_011,Q005,Outcome,p.6,6,100.0,True,"In this study, the accuracy of naphtha price prediction is approximately 82.3%, as shown in Figure 3."
ART_011,Q006,Outcome,p.6,6,100.0,True,"In particular, the paper trade in the month with relative low prediction accuracy resulted in a negative proﬁt.26 For instance, the loss by paper trading is the highest in February"
ART_011,Q007,Contexto,p.1,1,99.26,False,"For instance, a new mathematical optimization model was developed to ensure the maximum business proﬁt in the Norwegian petrochemical industry.2 The mixed integer linear programmin"
ART_011,Q008,Outcome,p.4,4,99.26,False,"= + OC TUC THC t (8) = U UR UT r c i r c i r c i , , , , , , (9) ∑∑∑ = ∈ ∈ ∈ U TSc r R c C i I r c i , , (10) ∑∑∑ = ∈ ∈ ∈ TUC UT UC r c i r R c C i I r c i , , , , (11) where Ur,c,"
ART_012,Q001,Contexto,p.1,1,99.53,False,"Oil and gas pipelines are lifelines for a country's economic survival. As a result, they must be closely monitored to maximize their performance and avoid product losses in the tra"
ART_012,Q002,Mecanismo,p.1,1,100.0,True,The developed model can help pipeline operators and decision makers detect different failure sources in pipelines and prioritize the required maintenance and replacement actions.
ART_012,Q003,Intervenção,p.1,1,98.28,False,"To address these inefficiencies, this study develops a model that anticipates sources of failure in oil pipelines based on specific factors related to pipe diameter and age, servic"
ART_012,Q004,Outcome,p.1,1,100.0,True,"With an average validity of 84% for the MLP, 85% for the RBF, and 81% for the MNL, the models can forecast pipeline failures owing to corrosion and third-party activities."
ART_012,Q005,Método,p.7,7,99.46,False,"The data included 49 years of spillage data dating back to 1971, as well as 36,000 km of pipelines transporting 620 million m³ of crude oil and petroleum products per year across E"
ART_012,Q006,Outcome,p.13,13,100.0,True,"This implies that the proposed MLP, RBF, and MNL models enhanced the AVP value reported in the literature by 15.4%, 16.8%, and 11.3%, respectively."
ART_012,Q007,Limitação,p.12,12,100.0,True,"However, the prediction accuracy of models could have been compromised due to the non-availability of some important factors (e.g., thickness, operating pressure, and yield strengt"
ART_012,Q008,Mecanismo,p.13,13,100.0,True,The MLP and RBF models outperform the MNL regression model in terms of accuracy because they take into account the nonlinear relationship between the dependent and independent vari
ART_013,Q001,Intervenção,p.5,5,100.0,True,"Efficiency: The operator optimization model increased the route efficiency (actions completed per hours billed) by 31%, allowing technicians to dedicate more time to task execution"
ART_013,Q002,Intervenção,p.5,5,100.0,True,"Safety: Delinquent incidents are reduced by 61%, attributed to improved task prioritization and adherence to safety protocols. Production uptime: Forecasting methods identify poten"
ART_013,Q003,Intervenção,p.1,1,99.4,False,"Key innovations include Fibonacci prioritization for task scoring, K-means clustering for spatial analysis, and creating a Prophet model to predict production trends."
ART_013,Q004,Intervenção,p.5,5,100.0,True,"Efficiency: The operator optimization model increased the route efficiency (actions completed per hours billed) by 31%, allowing technicians to dedicate more time to task execution"
ART_013,Q005,Intervenção,p.5,5,100.0,True,"Safety: Delinquent incidents are reduced by 61%, attributed to improved task prioritization and adherence to safety protocols. Production uptime: Forecasting methods identify poten"
ART_013,Q006,Intervenção,p.1,1,99.4,False,"Key innovations include Fibonacci prioritization for task scoring, K-means clustering for spatial analysis, and creating a Prophet model to predict production trends."
ART_013,Q007,Intervenção,p.5,5,100.0,True,"Challenges such as data integration and computational requirements remain, though continuous improvements and advancements in scalability indicate the broad applicability of the mo"
ART_014,Q001,Contexto,p.1,1,100.0,True,"The findings of this paper demonstrate the value of the mud motor PHM solution for the oil and gas industry by providing accurate prognosis of power section health, leading to redu"
ART_014,Q002,Intervenção,p.1,1,100.0,True,It's based on a high-fidelity model and uses a hybrid approach by combining a high-fidelity physics-based model of a power section and data-driven approaches with machine learning 
ART_014,Q003,Método,p.1,1,100.0,True,The new methodology was tested in the field with great success.
ART_014,Q004,Outcome,p.1,1,100.0,True,"The result was outstanding, with the initial deployment bringing about 27% of projected yearly maintenance savings and 10% of projected yearly failure reduction."
ART_014,Q005,Outcome,p.12,12,100.0,True,The result was outstanding with the initial deployment bringing about 27% of projected yearly maintenance savings and 10% of projected yearly failure reduction.
ART_014,Q006,Outcome,p.1,1,100.0,True,Comparison of the predicted mud motor fatigue values with the actual observed post-job conditions and job failures demonstrated high fidelity of the developed models.
ART_015,Q001,Contexto,p.2,2,100.0,True,Introduction and background: The ever-growing global competition and enormously uncertain business environment are causing a modern supply chain (SC) to become vulnerable and hence
ART_015,Q002,Intervenção,p.5,5,99.25,False,"(2017) Delphi TOPSIS Fuzzy Kitchen appliance Note(s): AHP, analytical hierarchical process; ANP, analytical network process; CBR, case based reasoning; DEMATEL, decision-making tri"
ART_015,Q003,Método,p.20,20,100.0,True,"However, a wide range of experimental surveys need to be conducted in the future to increase the generalizability and evaluate the benefits of application of the proposed DSS."
ART_015,Q004,Outcome,p.20,20,100.0,True,"5.2 Managerial propositions Based on the results obtained from the proposed research work, we have introduced the following managerial propositions (MPs), which will provide critic"
ART_015,Q005,Outcome,p.2,2,100.0,True,"A practical implementation of supply chain risk management (SCRM) improves not only the financial performance of the firm (Fan et al., 2017) but also the manufacturing effectivenes"
ART_015,Q006,Outcome,p.10,10,100.0,True,"4.1 Description and introduction about the case With a daily demand of 4.1 million barrel, India is the third largest consumer of crude oil and petroleum products globally accounti"
ART_015,Q007,Outcome,p.1,1,100.0,True,"SC managers’ preparedness to face risk, organization’s resource capability to deal with risk and the sophistication of the implementation of the RM enablers; with explained varianc"
ART_015,Q008,Outcome,p.15,15,100.0,True,"As shown in Figure 7, the results further indicate that supply incentives, flexible logistics and strategic stocking are three topmost preferred RMEs under risk “mitigation” strate"
ART_016,Q001,Intervenção,p.8,8,100.0,True,"Data utilization from EPC documents is relatively easy because we can channelize or neutralize documents data with TXT, CSV or XML file formats, but neutralizing data from 2D and 3"
ART_016,Q002,Método,p.9,9,100.0,True,"Digital twin life span should not be haunted by the ghost of mortality e.g., inaccessibility after 10 or more years or unavailable data links to get required data easily from relat"
ART_016,Q003,Outcome,p.3,3,100.0,True,"Smart P&ID Role in Digital Twin During the pre-digital twin era, smart drawings and 3D models have produced remarkable results."
ART_016,Q004,Outcome,p.8,8,100.0,True,"Proposed Solutions CFIHOS (Capital Facilities Information Handover Specifications), ISO 8601 and ASCII-based format (American Standard Code for Information) ISO 10303 standards may"
ART_016,Q005,Intervenção,p.9,9,100.0,True,"In the later stages of any running processing plant when revamping is required, then revision and scope clouds intelligent entry in the smart P&IDs system and tailor-made solutions"
ART_017,Q001,Contexto,p.1,1,100.0,True,Mark Howells Keywords: Blockchain adoption Decision-making Network data envelopment analysis Energy industry Oil and gas supply chain A B S T R A C T The Oil and Gas (O&G) sector i
ART_017,Q002,Intervenção,p.13,13,100.0,True,"The research integrates data-driven models and optimization strategies into a framework that is computationally effi­ cient, making it well-suited for practical use in production a"
ART_017,Q003,Método,p.15,15,100.0,True,"This form of uncertainty allows for a more efficient treatment of qualitative data; e.g., expert evaluations or stakeholder opinions, thereby improving the models’ adaptability."
ART_017,Q004,Mecanismo,p.13,13,100.0,True,"Blockchain technology provides significant benefits in terms of improved transparency, traceability and operational efficiency, key components of contemporary production systems, a"
ART_017,Q005,Outcome,p.13,13,100.0,True,"The evaluation results presented in Table 5 demonstrate the effectiveness of various strategies, including single-use, substitution, and localization, for optimizing production and"
ART_017,Q006,Limitação,p.5,5,100.0,True,"Limited Information Technology Infrastructure Infrastructure constraints, including cost implications, computational capacity, and transaction volume, impact the implementation lan"
ART_017,Q007,Intervenção,p.5,5,100.0,True,We introduce a hybrid framework that combines data-based and optimization- based approaches and incorporates real-world factors for a more accurate evaluation of blockchain deploym
ART_017,Q008,Outcome,p.1,1,100.0,True,"The findings demonstrate that “single-use strategy” is effective in low-risk scenarios, while “substitution strategy” is optimal in high-risk scenarios."
ART_018,Q001,Intervenção,p.3,3,100.0,True,"On this basis, a comprehensive system model of refined oil logistics transportation scheduling is built, and a hybrid network scheduling mode is adopted to carry out transportation"
ART_018,Q002,Método,p.2,2,100.0,True,"Big data information fusion method is used to optimize the dynamic planning and transportation mode of refined oil logistics and transportation scheduling, and the spatial dynamic "
ART_018,Q003,Outcome,p.3,3,99.26,False,"Suppose the dynamic constraint parameter model of product oil logistics and transportation scheduling is ݔ= {ݔଵ௝, ݔଶ௝, ⋯⋯, ݔ௜௝}௧, then in the dynamic interval, the normalized ortho"
ART_018,Q004,Outcome,p.3,3,99.26,False,"Combined with the boundary value periodic solution and dynamic constraint parameter model, the input parameters of oil logistics transportation scheduling are adjusted, namely: ݂= "
ART_018,Q005,Outcome,p.3,3,99.26,False,"In the normalized linear subspace, there exists the concept set of transportation scheduling of refined oil logistics: ܨ(ݔ) = ܥ∑ே ௜ୀଵ ݔ௜௝+ ߪݐ (3) With the increase in the number of"
ART_018,Q006,Outcome,p.2,2,100.0,True,"The simulation results show that this method has good adaptability to transport scheduling of refined oil logistics, and the transportation efficiency of refined oil logistics is i"
ART_018,Q007,Outcome,p.2,2,100.0,True,Series: Earth and Environmental Science 769 (2021) 042119 IOP Publishing doi:10.1088/1755-1315/769/4/042119 1 Energy Commodity Logistics Planning method based on Machine Learning m
ART_018,Q008,Outcome,p.3,3,100.0,True,"Firstly, the spatial planning model of refined oil logistics transportation scheduling is described as follows: ܥ= ௧௦ାଵ ఒ௦ାଵ (1) Among them, t represents the average transportation"
ART_019,Q001,Contexto,p.2,2,100.0,True,"EAGE Workshop on Data Science 17-18 October 2023 • Kuala Lumpur, Malaysia Introduction The supply chain within the oil and gas industry is renowned for its intricate nature and the"
ART_019,Q002,Intervenção,p.2,2,100.0,True,"To address the aforementioned issues, this study proposed employing predictive analytics with a combination of statistical approaches and machine learning models to predict purchas"
ART_019,Q003,Método,p.1,1,100.0,True,"The proposed methodology follows a defined process, including project definition, data collection, data analysis, statistical analysis, modelling, deployment, and model monitoring."
ART_019,Q004,Outcome,p.3,3,100.0,True,Regression Models R2 Score XGBoost 0.818 Ordinary Least Squares (OLS) 0.418 Lasso (L1) Regression 0.409 Ridge (L2) Regression 0.417 Isolation Forest 0.577 K Nearest Neighbors (KNN)
ART_019,Q005,Outcome,p.1,1,100.0,True,"(2022), predictive analytics utilizes data, statistical techniques, and machine learning algorithms to predict future events and trends, ultimately improving organizational perform"
ART_019,Q006,Contexto,p.1,1,100.0,True,Lasker (2022) conducted a comprehensive study to examine the challenges of the industry’s supply chain and the potential of data analytics to improve its performance.
ART_019,Q007,Outcome,p.2,2,100.0,True,"Three years of historical data (2019-2021) are used to train the model, while a test set including more recent data (2022) is used for evaluating model performance."
ART_019,Q008,Intervenção,p.2,2,100.0,True,"The existing approaches utilized in UoA prediction fail to provide a systematic framework that ensures accuracy, scalability, and sustainability in the long run."
ART_020,Q001,Contexto,p.3,3,100.0,True,"Compa- nies in this sector navigate extensive, multinational supply chains that often involve remote and challenging locations, where accurate lead time estimation becomes essentia"
ART_020,Q002,Intervenção,p.2,2,100.0,True,"To overcome these challenges, this study integrates Busi- ness Intelligence (BI) and Machine Learning (ML) within the CRISP-DM framework to develop a robust, data-driven model capa"
ART_020,Q003,Método,p.2,2,100.0,True,"The fourth section describes the methodology, including the rationale for select- ing CRISP-DM as the guiding framework, the unique chal- lenges posed by the oil and gas industry, "
ART_020,Q004,Mecanismo,p.16,16,100.0,True,"This enables logistics managers to align decisions with broader business goals, optimizing resources, reducing lead times, and improving customer satisfaction, all of which contrib"
ART_020,Q005,Outcome,p.4,4,100.0,True,"Random forests address this issue by averaging results across multiple decision trees, improving accuracy and effectively handling high-dimensional data in dynamic supply chains."
ART_020,Q006,Limitação,p.17,17,100.0,True,"One key limitation is the dataset’s time scope, restricted to the year 2022, which may not capture seasonal or year-to-year variations that impact import lead times."
ART_020,Q007,Método,p.2,2,100.0,True,"The third section presents the research model, outlining the use of BI, ML, and the CRISP-DM methodology in supply chain analytics while detailing the specific machine learning mod"
ART_020,Q008,Método,p.6,6,100.0,True,"This section explains the rationale for selecting the CRISP-DM methodology, details the case selection pro- cess, addresses data challenges, and describes other critical methodolog"
ART_021,Q001,Intervenção,p.2,2,100.0,True,The failures in the ESP system are classified based on the following parameters: – Mechanical type failures – Electrical type failures – Well failures Machine Learning Approach ESP
ART_021,Q002,Método,p.12,12,100.0,True,Data exploration through the visualization of parameters in time series and the association matrix allows to understand the relationships of the parameters in an analytical way.
ART_021,Q003,Outcome,p.1,1,100.0,True,This paper discusses the advantages of predicting failures in ESP pumps with performance greater than 60%.
ART_021,Q004,Outcome,p.2,2,99.26,False,"This is the result of a low resistance of the motors to temperatures higher than 400°F generating overheating, high tendency to Downthrust and Upthrust due to inefficient designs, "
ART_021,Q005,Outcome,p.2,2,100.0,True,"This is also the ALS with the widest production range, with availability to work different casing diameters and a financial benefit up to 90% based on volumetric efficiency."
ART_021,Q006,Outcome,p.2,2,100.0,True,"According to (Long Peng et al., 2021), electrical submersible pumps (ESP) are one of the most widely employed ALS, accounting for over 60% of the global oil production."
ART_021,Q007,Outcome,p.2,2,100.0,True,2 SPE-213140-MS Introduction Over 90% of producer wells in the world require an artificial lift system (ALS).
ART_022,Q001,Contexto,p.10,10,100.0,True,"10 SPE-217024-MS AI and digital solutions serve as the backbone of the platform, effectively addressing the industry's perennial challenges, such as operational inefficiencies, saf"
ART_022,Q002,Intervenção,p.9,9,100.0,True,"Discussion on the Systems Approach to Cargo Planning Cargo planning is a critical aspect of supply chain management, particularly in the offshore sector, where the movement of good"
ART_022,Q003,Método,p.2,2,100.0,True,"The system aims to streamline the supply chain process, provide a more flexible logistics method to the oil and gas industry, reduce costs, and improve efficiency through a strateg"
ART_022,Q004,Outcome,p.8,8,100.0,True,"This efficiency has led to a significant reduction in distance travelled, from 1,070 nautical miles to 527 nautical miles, a reduction of 51%, saving 68 hours of sailing time."
ART_022,Q005,Outcome,p.2,2,100.0,True,2 SPE-217024-MS The use of integrated logistics in the offshore sector has resulted in an overall cost reduction of 23% on the shipment of goods and a reduction of CO2 emissions by
ART_022,Q006,Outcome,p.8,8,100.0,True,"The case study also reports a reduction of CO2 emissions from 250 MT to 159 MT, amounting to a total reduction of 91 MT or 36%."
ART_022,Q007,Contexto,p.2,2,100.0,True,The offshore sector within the oil and gas industry presents unique challenges.
ART_023,Q001,Contexto,p.1,1,100.0,True,"Digital transformation in procurement uses artificial intelligence, big data, market intelligence, etc. to create self-learning systems; for the procurement of goods and services. "
ART_023,Q002,Método,p.13,13,100.0,True,SPE-207211-MS 13 Description of Methodology A questionnaire was sent out to collect primary data from employees working in procurement or related business departments in various oi
ART_023,Q003,Outcome,p.13,13,100.0,True,"The new transformed roles of procurement for industry 4.0 are also discussed in the conclusion, which includes: – Daily activities – Procurement decision-making activities – Strate"
ART_023,Q004,Limitação,p.9,9,100.0,True,"This can be advantageous because the data collected can have some degree of uncertainty, that would make the predictions not 100% accurate."
ART_023,Q005,Outcome,p.13,13,100.0,True,Majority of the participants also agree or strongly agree that artificial intelligence will be able to reduce day-to-day procurement activities and 70.9% of the participants believ
ART_023,Q006,Outcome,p.13,13,100.0,True,92.6% of participants either agreed or strongly agreed that Integrating Market Intelligence data from various external sources for procurement will give the organization better ins
ART_023,Q007,Outcome,p.1,1,100.0,True,The results and the observations of the study are used to measure the benefits of implementing cognitive procurement in the oil and gas industry 4.0.
ART_023,Q008,Mecanismo,p.1,1,100.0,True,The paper also provides insight into three governance models of human-machine interaction that is implemented in stages based on procurement requirement and technology adoption mat
ART_024,Q001,Contexto,p.3,3,100.0,True,"LLMs have proven to be beneficial in enhancing DSS and reducing potential human bias across different fields, including the oil and gas industry, with different tasks such as well "
ART_024,Q002,Intervenção,p.1,1,99.4,False,"This paper introduces an AIassistant chatbot based on the power of open-source large language models (LLMs), natural language processing (NLP), and data analytics, to aid in automa"
ART_024,Q003,Método,p.11,11,100.0,True,"As mentioned in the dataset section in Methodology, the proposed workflow has been tested on different contracts to study the effectiveness of the introduced approach."
ART_024,Q004,Outcome,p.11,11,100.0,True,"It was found that the workflow achieved 1.0 accuracy on querying and populating data from the original contract, however, the workflow performance on the other contracts varied sig"
ART_024,Q005,Limitação,p.11,11,100.0,True,"Challenges and Future Work The proposed workflow was limited to analyzing the technical sections of bid documents, and did not generalize about terms and conditions or other procur"
ART_024,Q006,Outcome,p.3,3,100.0,True,"2024) Enhancing Knowledge Management Systems (KMS) NLP, DL, LLMs, FAISS indexing Efficient document extraction, improved search capabilities Handling heterogeneous data, accuracy i"
ART_024,Q007,Outcome,p.11,11,100.0,True,"It was observed that the testing dataset showed 5% improvement when it came to issues related to similarity matching or variations in items description, however, no improvement was"
ART_024,Q008,Outcome,p.3,3,100.0,True,"2024b) Natural Language querying of upstream datasets LLMs, embeddings, indexing Fast, accurate search results, improved data discovery Handling unstructured data, accurate indexin"
ART_025,Q001,Contexto,p.2,2,100.0,True,"Keywords: Artificial Intelligence, Optimization, Economics, Inventory Management, Emissions Introduction With the increasing energy demand, geopolitical constraints, and volatile m"
ART_025,Q002,Intervenção,p.2,2,100.0,True,One such implementation is through the application of artificial intelligence (AI) and machine learning solutions that can assist organizations to make complex decision in real-tim
ART_025,Q003,Outcome,p.11,11,100.0,True,• Further iterative updates with additional data led to improvement in results and the model where the model predicted with an improved accuracy of 83% on the top 17 products and a
ART_025,Q004,Outcome,p.1,1,100.0,True,Further iterative updates with additional data led to improvement in results and the model where the model predicted with an improved accuracy of 83% on the top 17 products and an 
ART_025,Q005,Outcome,p.11,11,100.0,True,"SPE-214457-MS 11 • Across five years of predictions (2016 to 2019), the models were able to predict with 78% average accuracy for the top 10 products by volume which represents 75%"
ART_025,Q006,Outcome,p.7,7,100.0,True,"The final models were evaluated for accuracy and performance in predicting 2016, 2017, 2018, and 2019 total consumption and in predicting total consumption grouped into slow, mediu"
ART_025,Q007,Outcome,p.1,1,100.0,True,"Across five years of predictions (2016 to 2019), the models were able to predict with 78% average accuracy for the top 10 products by volume which represents 75% of inventory volum"
ART_026,Q001,Contexto,p.1,1,100.0,True,"Abstract In this paper, we introduce a cutting-edge solution to the complex challenge of managing operational costs in unconventional asset development, particularly concerning con"
ART_026,Q002,Intervenção,p.7,7,100.0,True,"As we move forward, continuous improvement through model retraining, and updates based on user feedback and new data, will remain central to our approach, ensuring that our solutio"
ART_026,Q003,Método,p.7,7,100.0,True,"Our methodology of temporal data partitioning reflects a nuanced understanding of operational dynamics, ensuring that the model is trained on historical data while validated and te"
ART_026,Q004,Mecanismo,p.4,4,100.0,True,"Each invoice is converted into a high-dimensional vector that effectively captures its semantic essence, therefore facilitating more accurate and efficient categorization."
ART_026,Q005,Outcome,p.4,4,100.0,True,Model Results The fine-tuned and selected model demonstrated a significant capability in achieving an overall accuracy of above 90% and macro accuracy of above 85% across more than
ART_026,Q006,Outcome,p.7,7,100.0,True,"SPE-221022-MS 7 Dynamic Updates A custom dashboard using Streamlit is created to track the model's performance metrics in real-time, providing clear visibility into accuracy rates,"
ART_026,Q007,Outcome,p.1,1,100.0,True,"Through rigorous model training and iterative refinement facilitated by the user interface, our approach attains an impressive accuracy exceeding 90% across all regions."
ART_027,Q001,Outcome,p.1,1,99.63,False,978-1-6654-1224-7/21/$31.00 ©2021 IEEE Machine Learning Algorithm Model for Improving Business Decisions Making in Upstream Oil & Gas Mohd Shahrizan Abd Rahman Faculty of Defence S
ART_027,Q002,Limitação,p.1,1,98.4,False,"However, the decisionmaker cannot produce the most accurate decision without detailed analysis based on a huge data received."
ART_027,Q003,Outcome,p.5,5,100.0,True,"[14] Hoi K Suen, Pui Wa Lei & Hongli Li, (2012), Data Analysis for Effective Decision Making, Chapter 7, DOI: 10.1093/oxfordhb/9780195369809.013.005 [15] David Arnott, Graham Perva"
ART_027,Q004,Outcome,p.5,5,100.0,True,"Epstein & Kristi Yuthas, (2008), Managing Opportunities and Risk, Published by The Society of Management Accountants of Canada, the American Institute of Certificated Public Accoun"
ART_027,Q005,Outcome,p.1,1,100.0,True,2021 International Congress of Advanced Technology and Engineering (ICOTEN) | 978-1-6654-1224-7/21/$31.00 ©2021 IEEE | DOI: 10.1109/ICOTEN52080.2021.9493499 Authorized licensed use
ART_027,Q006,Outcome,p.5,5,98.9,False,"Anani & Rajunor B., (2012), Portfolio Analysis Models: A Review European Journal of Business and Management www.iiste.org ISSN 2222-1905 (Paper) ISSN 22222839 (Online) Vol 4, No.18"
ART_027,Q007,Limitação,p.3,3,100.0,True,"However, in the long run, one cannot maintain vitality and quality of life without being involved in an innovative economy."
ART_027,Q008,Outcome,p.1,1,100.0,True,"Downloaded on January 19,2026 at 23:12:10 UTC from IEEE Xplore."
ART_028,Q001,Contexto,p.2,2,100.0,True,"Addressing root causes of project overdue Even though FPSO projects have brought numerous advantages in terms of flexibility and overcoming physical limitations, their complex natu"
ART_028,Q002,Intervenção,p.3,3,100.0,True,"Systematic Data Acquisition The proposed Data Acquisition framework concentrates on systematically gathering data from pasts and current FPSO projects, that could give essential in"
ART_028,Q003,Método,p.3,3,100.0,True,"A methodical approach is required to make sure for data accuracy, completeness, and standardization across all relevant parameters, thus systems engineering methodologies are appli"
ART_028,Q004,Outcome,p.7,7,100.0,True,/ Procedia Computer Science 253 (2025) 3318–3324 the piping discipline faces significant delays due to the limited availability and procurement complexities of special materials th
ART_028,Q005,Outcome,p.6,6,100.0,True,12552 2.000 1.983120 0.016880 12553 0.480 0.520104 -0.040104 12554 5.010 4.933487 0.076513 12555 3.000 2.487671 0.512329 12556 1.000 0.993331 0.006669 The development of this predi
ART_028,Q006,Outcome,p.6,6,100.0,True,"As Brazil hosts the largest number of FPSO projects, its laws and regulations are used as reference and its local content was considered a 40 % work completed locally, with penalti"
ART_028,Q007,Outcome,p.1,1,99.26,False,"Bruzzone1,2,*, Kirill Sinelshchikov3, Marco Gotelli1,2, Filippo Monaci2, Xhulia Sina2, Filippo Ghisi2, Luca Cirillo2, Antonio Giovannetti2 1DIME, Genoa University, Via Opera Pia 15"
ART_028,Q008,Outcome,p.1,1,100.0,True,This is an open access article under the CC BY-NC-ND license (https://creativecommons.org/licenses/by-nc-nd/4.0) Peer-review under responsibility of the scientific committee of the
ART_029,Q001,Contexto,p.10,10,99.26,False,"Based on historical statistical data and industry inertial development, this article obtains historical GDP, population, energy production, number of oil and gas employees, R&D inv"
ART_029,Q002,Intervenção,p.3,3,99.2,False,"Collectively, the literature increasingly emphasizes integrating ML techniques with resilience indices to construct more accurate resilience assessment systems based on big data an"
ART_029,Q003,Método,p.15,15,100.0,True,"Author Contributions: Conceptualization, Methodology, Data curation, Software, Validation, Writing—review and editing were performed by L.Y."
ART_029,Q004,Outcome,p.10,10,99.25,False,Variable Scenario 1 Scenario 2 Scenario 3 Scenario 4 Full-time Equivalent Input of R&D Personnel in the OGI −5% OGI Capital Stock +10% Gross Domestic Product +10% Energy Industry I
ART_029,Q005,Outcome,p.15,15,100.0,True,"Through four scenario simulations, it was found that compared with 2022, by 2032, the comprehensive resilience level of China’s OGI will increase by 2.48%, 4.19%, and 5.49%, respec"
ART_029,Q006,Outcome,p.10,10,100.0,True,"This −5% perturbation is grounded in neutral projections of working-age population decline reported by the National Bureau of Statistics and recent demographic forecasts, and it is"
ART_029,Q007,Outcome,p.7,7,100.0,True,"Numerical Range Rating [0, 0.3) Low resilience [0.3, 0.45) Medium-low resilience [0.45, 0.7) Medium resilience [0.7–0.85) Medium-strength resilience [0.85–1.0) Strength resilience "
ART_029,Q008,Contexto,p.9,9,100.0,True,"The industry exhibited comprehensive improvements across recovery resilience, adaptability resilience, responsiveness resilience, and innovation resilience, reflecting its growing "
ART_030,Q001,Intervenção,p.1,1,99.63,False,Multi-Model Machine Learning Approaches for Fault and Anomaly Detection in Petroleum Product Distribution: A Comparison 1st Elinda Kajo Mec¸e Faculty of Information Technology Poly
ART_030,Q002,Método,p.2,2,98.09,False,"Section III outlines the methodology, including a description of the dataset, preprocessing steps, and details on the supervised and unsupervised models employed for fault detectio"
ART_030,Q003,Outcome,p.2,2,100.0,True,"Section IV discusses challenges encountered during the study and talk about the results and evaluates model performance using classification metrics such as accuracy, precision, re"
ART_030,Q004,Limitação,p.5,5,99.46,False,"To negate this, the incorporation of future work could use external context knowledge such as weather, real-time logistic constraints, or domain knowledge regulations to strengthen"
ART_030,Q005,Outcome,p.4,4,100.0,True,"The main metrics used to define the model’s efficiency and performance are accuracy, precision, recall, f1 score, and roc area under the curve, where it is noticed that both superv"
ART_030,Q006,Outcome,p.5,5,98.98,False,"The hybrid model using Kmeans and the isolation forest showed an accuracy of 0.95, and the other hybrid model combining supervised and unsupervised learning using K-Nearest Neighbo"
ART_030,Q007,Outcome,p.5,5,100.0,True,"Table I summarizes model performances, while Figure 2 shows the anomalies found in the territory of Italy divided by two clusters along with their centroids, where the red zone 202"
ART_030,Q008,Outcome,p.5,5,100.0,True,"In summary, KMeans & Isolation Forest emerged as the best-performing model, achieving the highest accuracy (0.95), recall (0.89), and ROC AUC score (0.93), making it the most relia"
ART_031,Q001,Contexto,p.1,1,100.0,True,"Abstract Oil and gas fields are often characterized by wide distribution of facilities and equipment, harsh natural environments, difficulties in engineering construction and produ"
ART_031,Q002,Intervenção,p.3,3,99.26,False,"On the digital twin platform, rapid modeling technology is applied to realize the twin construction of digital employees, office environments and major equipment, the twin creation"
ART_031,Q003,Método,p.2,2,100.0,True,"The traditional management methods rely on experience and historical data, which make it difficult to cope with the complex and changing underground environment and equipment opera"
ART_031,Q004,Outcome,p.2,2,99.63,False,"2 SPE-221969-MS the company's data governance capability, optimizes the operation and management process, improves the production operation efficiency, directly reduces the labor c"
ART_031,Q005,Outcome,p.3,3,99.26,False,"The platform seamlessly integrates application bandwidth adaptive scheduling with client-side caching and fusion technology, improved Forward Error Correction coding (FEC) and Auto"
ART_031,Q006,Outcome,p.1,1,100.0,True,"Aiming at the problem of poor network transmission conditions, this paper researches the adaptive dimensionality reduction algorithm for digital twin high-dimensional animation dat"
ART_032,Q001,Contexto,p.2,2,100.0,True,"Recognizing and Understanding the risk factors associate with energy sector is not only a construction market need, but also it is essential to the upstream and downstream oil and "
ART_032,Q002,Intervenção,p.1,1,99.26,False,"The proposed methodology consists of the following phases: risk planning, risk identiﬁcation using documentation review and expert interviews, risk analysis using a multi-criteria "
ART_032,Q003,Método,p.12,12,100.0,True,"In order to verify the proposed methodology, the next stage involves the use of documentary reviews, expert interviews and questionnaire survey for primary data collection (system "
ART_032,Q004,Outcome,p.3,3,100.0,True,"According to the World Bank report in 2017, the Oil and Gas ﬁelds in Iraq contributes to around 65% of its gross domestic product (GPD), and over 90% of the public income and most "
ART_032,Q005,Contexto,p.8,8,99.26,False,"In order to obtain the proposed system requirement, interviews with experts are needed; to identify risk factors in oil and gas projects where no documentary data are available; to"
ART_032,Q006,Contexto,p.3,3,100.0,True,"Proposed Risk Management Decision Support … 409 2 Literature Review 2.1 Oil and Gas Industry in Iraq Iraq has become the 4th largest oil producer in the world after Russia, Saudi A"
ART_032,Q007,Contexto,p.5,5,100.0,True,"Documentation analysis in this research includes risk data, risk behaviour, causes of project failure and adopted strategies for decision making when managing risks at the oil and "
ART_032,Q008,Contexto,p.12,12,99.22,False,This paper concludes that establishing a structured methodology for managing construction projects risks for oil and gas projects will increase the effectiveness of projects risk m
ART_033,Q001,Mecanismo,p.4,4,99.15,False,The RQLNet model is designed to handle high-dimensional financial time-series data efficiently and adopts a multi-layer architecture to mitigate the excessive penalization often en
ART_033,Q002,Outcome,p.1,1,100.0,True,"The proposed model improves the accuracy of tail risk measurement while addressing the issue of excessive penalization in spillover weights, offering enhanced interpretability and "
ART_033,Q003,Contexto,p.2,2,97.96,False,"Petroleum supply chain enterprises are vulnerable to external shocks and can significantly affect other industries under extreme scenarios. Therefore, accurately measuring tail ris"
ART_033,Q004,Intervenção,p.5,5,100.0,True,"Layer 4 further optimizes the model by using a path-following Lasso regularization regression with kernel weights. In this layer, the number of paths is set to 500, and the optimal"
ART_033,Q005,Outcome,p.1,1,99.13,False,"Tail risk spillovers propagate from up- and midstream to downstream and ultimately to end enterprises. Structurally, the up- and midstream are the main sources, whereas the downstr"
ART_033,Q006,Outcome,p.1,1,100.0,True,"The tail risk sensitivities of Chinese petroleum supply chain enterprises exhibit significant differences across macroeconomic factors and across types of enterprises. Overall, the"
ART_033,Q007,Limitação,p.21,21,100.0,True,"This study faces limitations due to the reliance on cross-sectional data, which is commonly used in most econometric analyses of financial data, such as log-returns at specific tim"
ART_033,Q008,Método,p.8,8,99.61,False,"Building on these developments, the RQLNet proposed in this paper further raises overall measurement accuracy—especially achieving a closer fit to realized returns in non-tail peri"
ART_034,Q001,Contexto,p.4,4,100.0,True,"Inventory Problems and Analysis Wild (2017) pointed out that inventory could suffer from obsolescence, slow systems, and extra stock due to inefficiencies in determining accurate q"
ART_034,Q002,Intervenção,p.9,9,99.26,False,"3d), which could be influenced by various factors, including adjustments to the drilling schedule, weather conditions – especially for offshore rigs affected by wind speed, wave he"
ART_034,Q003,Método,p.15,15,99.26,False,"of Returns 1 30"" Conductor 28 75 75 2 24"" Conductor 28 42 33 3 20"" Casing 26 51 29 4 18 5/8"" Casing 27 77 37 5 13 3/8"" Casing 38 129 126 6 9 5/8"" Casing 37 135 117 7 7"" Liner 43 15"
ART_034,Q004,Outcome,p.2,2,100.0,True,"(2023) highlighted the significant, yet under-researched potential of artificial intelligence (AI) in inventory management in oilfields and discerned that data analytics and machin"
ART_034,Q005,Limitação,p.12,12,100.0,True,The objective of the introduced constraints was to guarantee that a subclass item cannot be issued before it had been already purchased and received through a PO.
ART_034,Q006,Método,p.15,15,100.0,True,"Progressive Outputs Derived from Methodology In this section, an illustrative example is introduced, depicting the expected output dataset from each block in the methodology."
ART_034,Q007,Método,p.2,2,100.0,True,The Methodology section details the workflow used to generate the synthetic dataset.
ART_035,Q001,Contexto,p.2,2,99.38,False,"Key to effective emergency response logistics are accurate, real-time data about technologies, capabilities, and availabilities; this is particularly important in remote settings, "
ART_035,Q002,Contexto,p.2,2,100.0,True,"Emergency response logistics data are often disaggregated, incomplete, and captured by multiple stakeholders using different platforms, standards, and data definitions"
ART_035,Q003,Intervenção,p.8,8,100.0,True,A neural network model was created using freely available open-source resources. A preliminary algorithm was developed that used color coding to highlight duplicative and incomplet
ART_035,Q004,Mecanismo,p.9,9,98.91,False,"The neural net model deployed was able to detect, diagnose, and correct anomalies in the dataset, resulting in several improvements: Improved data quality, as missing, incomplete, "
ART_035,Q005,Outcome,p.8,8,99.02,False,"The differences in time required for data cleaning using the automated anomaly detection scripts and using the neural nets approaches were significant, with a 78.33% reduction in t"
ART_035,Q006,Outcome,p.8,8,100.0,True,"The Visual Basic script data cleaning required over three times the cleaning time compared to the use of the neural nets, showing significant process improvements"
ART_035,Q007,Limitação,p.10,10,99.62,False,The self-healing algorithms were developed with a single dataset comprising data from 2048 ships and multiple Arctic shippers for an 8-month period in 2023. The time period covered
ART_035,Q008,Método,p.6,6,100.0,True,"The data comprised 11,568 oil spill response records from 2048 participating vessels making transits through waters off Western Alaska and the Arctic between 1 January and 31 Augus"
ART_036,Q001,Contexto,p.1,1,99.68,False,"Currently, OQEP's procurement evaluation process for in-house items relies on multiple manuals, paper-based stages, particularly in the technical bid evaluation. This process is ti"
ART_036,Q002,Contexto,p.3,3,100.0,True,Manual processes in procurement evaluation can cause up to a 20%-25% loss of critical information across multiple stages of evaluation.
ART_036,Q003,Intervenção,p.1,1,100.0,True,"The proposed Artificial Intelligence based system will automate data extraction from bid submissions, evaluate compliance with minimum requirements, and generate reports, significa"
ART_036,Q004,Mecanismo,p.4,4,100.0,True,"By automating the extraction, entering and verification of these key pieces of information, the system reduces the likelihood of human error and significantly speeds up the process"
ART_036,Q005,Mecanismo,p.5,5,100.0,True,"By centralizing this information, the system will provide stakeholders with an access to critical data, improving transparency and decision-making."
ART_036,Q006,Outcome,p.6,6,100.0,True,"By removing these manual steps, the AI system ensures greater consistency and reliability in compliance evaluations, leading to more accurate results."
ART_036,Q007,Limitação,p.6,6,100.0,True,The AI based solution shall be tested through a pilot phase before full implementation to ensure the functionality and accuracy of the system to avoid systematic errors which can l
ART_036,Q008,Outcome,p.7,7,99.57,False,"Further research and testing will be necessary to refine the system, but the early results indicate that this digital solution has the potential to deliver substantial improvements"
ART_037,Q001,Intervenção,p.10,10,100.0,True,"From this perspective, it is essential to understand the need to shift from the level of detail typical of transactional systems that analyze data at the maximum level of detail to"
ART_037,Q002,Método,p.10,10,100.0,True,"To reduce the risk associated with the intrinsic nature of this methodology, it is crucial to involve all stakeholders so that the initiative has the organization’s support, which "
ART_037,Q003,Outcome,p.11,11,100.0,True,"As also mentioned within the results sub-section and the image below, the optimized baseline models (scenarios 5, 10, 11 and 12) show a cost savings of around 9%."
ART_037,Q004,Limitação,p.8,8,100.0,True,"Note that a dummy plant beside the Al Ruwais facility, named as MFG_0000 has also been configured into the model so that demand which cannot be satisfied due to specific constraint"
ART_037,Q005,Outcome,p.2,2,100.0,True,Model identified potential cost savings of up to 9% of supply chain logistics cost compared to the baseline for the 12-month period.
ART_037,Q006,Outcome,p.9,9,99.26,False,Scenario Description Comment 1 BaselineNoLT All lead times from dummy plant to IHPs are set to zero Used for debugging infeasibility 2 Optimize IHP selection Baseline flows disable
ART_037,Q007,Outcome,p.9,9,100.0,True,11 Exclusion of selected transportation policies Constraints of (4) + specific transport policies excluded To exclude specific lanes 12 Scenario (4) + (7) + (10) Constraints relate
ART_037,Q008,Outcome,p.11,11,100.0,True,"Also, as the model is a multi-period model, the reports coming out of the model will give a 12-month future view of the flows and operations within the network and can be used to a"
ART_038,Q001,Contexto,p.3,3,100.0,True,"Modern research claims that decision-makers operate in a complex and rapidly changing environment, which is characterised by the fact that: It is necessary to make several decision"
ART_038,Q002,Intervenção,p.4,4,100.0,True,The concept of economics as a complex adaptive system creates the need for a search and implementation of a new methodology that allows modelling processes.
ART_038,Q003,Método,p.4,4,100.0,True,SD is a methodology for studying and modelling systems that are characterised by feedback cycles in complex mutual causal relationships of their parameters.
ART_038,Q004,Outcome,p.9,9,98.94,False,References ABBYY IDC Research (2019) Artificial Intelligence Market in Russia [online] https://promo.abbyy.com/rs/446-REF821/images/ABBYY%20IDC%20Research.pdf/ (accessed 25 Februar
ART_038,Q005,Intervenção,p.3,3,100.0,True,"The methodology of the research is based on a system approach, comparative analysis, and methods and procedures of modelling."
ART_038,Q006,Intervenção,p.4,4,100.0,True,Table 1 Comparative characteristic of approaches to simulation Parameter System dynamics Agent modelling Basic model element Feedback loop Agent Analysis area System structure Agen
ART_038,Q007,Intervenção,p.3,3,100.0,True,"The paper also focuses on comparative analysis of such approaches in simulation as agent modelling and system dynamics (SD), as applied to logistics processes (the processes of oil"
ART_038,Q008,Intervenção,p.5,5,100.0,True,"4 Implementation of the model in a modelling environment Implemented subsystems with characteristic behaviour, their parameters, and variables implemented logic and communications "
